conference_name,year,acronym,rank
aclweb.org___ACL___ARR___2021___November___v1,2021,ACL,A*
icaps-conference.org___ICAPS___2019___Workshop___WIPC___v1,2019,ICAPS,A*
ICML.cc___2024___Workshop___HiLD___v2,2024,ICML,A*
NeurIPS.cc___2023___Workshop___WANT___v2,2023,NeurIPS,A*
ICLR.cc___2022___Workshop___MLDD___v1,2022,ICLR,A*
ICLR.cc___2022___Workshop___PAIR2Struct___v1,2022,ICLR,A*
ICML.cc___2020___Workshop___Artemiss___v1,2020,ICML,A*
roboticsfoundation.org___RSS___2017___RCW_Workshop___-_Proceedings___v1,2017,RSS,TBR
MIDL.io___2022___Conference___v1,2022,404,not-icore
aclweb.org___NAACL___2022___Workshop___DLG4NLP___v1,2022,NAACL,A
ecmlpkdd.org___ECMLPKDD___2022___Workshop___MLG___v1,2022,404,not-icore
IEEE.org___IROS___2024___Workshop___BoB___v2,2024,IROS,A
ICLR.cc___2019___Conference___v1,2019,ICLR,A*
IEEE.org___ISIT___2024___Workshop___LCW___v2,2024,ISIT,B
NeurIPS.cc___2021___Workshop___LatinX_in_AI___v1,2021,NeurIPS,A*
thecvf.com___CVPR___2024___Workshop___CORR___v2,2024,CVPR,A*
acmmm.org___ACMMM___2024___Conference___v2,2024,ACMMM,A*
NeurIPS.cc___2023___Workshop___RegML___v2,2023,NeurIPS,A*
KDD.org___2024___Workshop___DL4KG___v2,2024,KDD,A*
ICML.cc___2021___Workshop___URL___v1,2021,ICML,A*
NeurIPS.cc___2023___Workshop___AMHN___v2,2023,NeurIPS,A*
AAAI.org___2024___Workshop___PubLLM___v2,2024,AAAI,A*
thecvf.com___ECCV___2024___Workshop___W-CODA___v2,2024,ECCV,A*
aclweb.org___NAACL___2022___Conference___v1,2022,NAACL,A
NeurIPS.cc___2021___Workshop___PRIML___v1,2021,NeurIPS,A*
NLDL.org___2024___Conference___v2,2024,404,not-icore
graphicsinterface.org___Graphics_Interface___2024___Conference_SD___v2,2024,404,not-icore
logconference.io___LOG___2023___Conference___v2,2023,404,not-icore
KDD.org___2023___Workshop___FL4Data-Mining___v1,2023,KDD,A*
colmweb.org___COLM___2024___Conference___v2,2024,404,not-icore
graphicsinterface.org___Graphics_Interface___2022___Conference___v1,2022,404,not-icore
AAAI.org___2023___Spring_Symposium_Series___EDGeS___v1,2023,AAAI,A*
robot-learning.org___CoRL___2024___Workshop___LFDM___v2,2024,CoRL,Unranked
NeurIPS.cc___2022___Workshop___TS4H___v1,2022,NeurIPS,A*
ICLR.cc___2019___Workshop___LLD___v1,2019,ICLR,A*
icaps-conference.org___ICAPS___2019___Workshop___XAIP___v1,2019,ICAPS,A*
NeurIPS.cc___2019___Workshop___Neuro_AI___v1,2019,NeurIPS,A*
ACM.org___TheWebConf___2025___Conference___v2,2025,404,not-icore
NeurIPS.cc___2024___Workshop___MATH-AI___v2,2024,NeurIPS,A*
icaps-conference.org___ICAPS___2021___Workshop___XAIP___v1,2021,ICAPS,A*
ICLR.cc___2022___Workshop___Cells2Societies___v1,2022,ICLR,A*
roboticsfoundation.org___RSS___2024___Workshop___GAS___v2,2024,RSS,TBR
DeepLearningIndaba.com___2023___Conference___v2,2023,404,not-icore
IEEE.org___2024___ICRA___Workshop___MoMa___v2,2024,ICRA,A*
cclear.cc___CLeaR___2022___Conference___v1,2022,404,not-icore
ICLR.cc___2024___Workshop___SeT_LLM___v2,2024,ICLR,A*
L4DC.org___2020___Conference___v1,2020,404,not-icore
AAAI.org___2023___Spring_Symposium_Series___ACTD___v1,2023,AAAI,A*
ML_Reproducibility_Challenge___2021___Fall___v1,2021,404,not-icore
NeurIPS.cc___2023___Workshop___TGL___v2,2023,NeurIPS,A*
ecmlpkdd.org___ECMLPKDD___2021___Workshop___TeachML___v1,2021,404,not-icore
NeurIPS.cc___2021___Workshop___DGMs_Applications___v1,2021,NeurIPS,A*
ACM.org___IVA___2020___Workshop___GENEA___v1,2020,IVA,B
EWRL___2023___Workshop___v1,2023,404,not-icore
SEMANTiCS.cc___2024___Workshop___NXDG___v2,2024,404,not-icore
KDD.org___2023___Workshop___Fragile_Earth___v2,2023,KDD,A*
AKBC.ws___2021___Workshop___ArgKG___v1,2021,404,not-icore
aclweb.org___NAACL___2022___Workshop___LXNLP_Regular_Deadline___v1,2022,NAACL,A
NeurIPS.cc___2021___Workshop___DistShift___v1,2021,NeurIPS,A*
ACM.org___SIGIR___ICTIR___2024___Conference___v2,2024,SIGIR,A*
rl-conference.cc___RLC___2024___Conference___v2,2024,404,not-icore
ICLR.cc___2018___Workshop___v1,2018,ICLR,A*
AAAI.org___2022___Workshop___AdvML___v1,2022,AAAI,A*
ICLR.cc___2024___Workshop___GEM___v2,2024,ICLR,A*
ICRA.org___2023___Workshop___XRo___v1,2023,ICRA,A*
humanrobotinteraction.org___HRI___2023___Workshop___VAM-HRI___v2,2023,HRI,A
robot-learning.org___CoRL___2024___Conference___v2,2024,CoRL,Unranked
auai.org___UAI___2024___Conference___v2,2024,UAI,A
aclweb.org___ACL___ARR___2023___April___v1,2023,ACL,A*
ICLR.cc___2024___Workshop___LLMAgents___v2,2024,ICLR,A*
ijcai.org___IJCAI___2023___Workshop___KBCG___v1,2023,IJCAI,A*
AAMAS___2024___Workshop___ALA___v2,2024,AAMAS,A*
NeurIPS.cc___2022___Workshop___AI4Mat___v1,2022,NeurIPS,A*
eswc-conferences.org___ESWC___2021___Conference___Poster_and_Demo_Track___v1,2021,ESWC,B
NeurIPS.cc___2024___Workshop___Behavioral_ML___v2,2024,NeurIPS,A*
NeurIPS.cc___2023___Workshop___ReALML___v2,2023,NeurIPS,A*
aclweb.org___ACL___ARR___2021___October___v1,2021,ACL,A*
roboticsfoundation.org___RSS___2024___Workshop___DGR___v2,2024,RSS,TBR
ICML.cc___2021___Workshop___AML___v1,2021,ICML,A*
ICML.cc___2024___Workshop___TF2M___v2,2024,ICML,A*
ACM.org___ICMI___2024___Workshop___GENEA___v2,2024,ICMI,B
MICCAI.org___2024___MEC___v2,2024,MICCAI,A
ICLR.cc___2023___Workshop___RRL___v1,2023,ICLR,A*
JSYS___2024___May_Papers___v2,2024,404,not-icore
ICML.cc___2024___Workshop___AutoRL___v2,2024,ICML,A*
ACM.org___ICMI___2023___Workshop___GENEA_Challenge___v1,2023,ICMI,B
ICLR.cc___2025___Workshop_Proposals___v2,2025,ICLR,A*
AAAI.org___2022___Workshop___CLeaR___v1,2022,AAAI,A*
NeurIPS.cc___2024___Workshop___MLNCP___v2,2024,NeurIPS,A*
MIDL.io___2024___Short_Papers___v2,2024,404,not-icore
ICML.cc___2022___Workshop___DARL___v1,2022,ICML,A*
JSYS___2022___Feb_Papers___v1,2022,404,not-icore
MIDL.io___2019___Conference___Abstract___v1,2019,404,not-icore
ICML.cc___2022___Workshop___SCIS___v1,2022,ICML,A*
NeurIPS.cc___2023___Workshop___BUGS___v2,2023,NeurIPS,A*
IEEE.org___2024___ICRA___Workshop___Back_to_the_Future___v2,2024,ICRA,A*
NeurIPS.cc___2022___Workshop___Attention___v1,2022,NeurIPS,A*
NeurIPS.cc___2024___Workshop___AIM-FM___v2,2024,NeurIPS,A*
ICRA.org___2023___Workshop___Pretraining4Robotics___v1,2023,ICRA,A*
NeurIPS.cc___2024___Workshop___WTP___v2,2024,NeurIPS,A*
NeurIPS.cc___2020___Workshop___SVRHM___v1,2020,NeurIPS,A*
approximateinference.org___AABI___2024___Symposium___v2,2024,404,not-icore
NeurIPS.cc___2019___Workshop___Deep_Inverse___v1,2019,NeurIPS,A*
MLSys___2023___Workshop___RCLWN___v1,2023,404,not-icore
ICML.cc___2024___Workshop___NextGenAISafety___v2,2024,ICML,A*
NeurIPS.cc___2024___Workshop___Video-Langauge_Models___v2,2024,NeurIPS,A*
MICCAI.org___2021___Workshop___COMPAY___v1,2021,MICCAI,A
NeurIPS.cc___2021___Track___Datasets_and_Benchmarks___Round2___v1,2021,NeurIPS,A*
ICML.cc___2022___Workshop___Shift_Happens___v1,2022,ICML,A*
NeurIPS.cc___2024___Workshop___Pluralistic-Alignment___v2,2024,NeurIPS,A*
NeurIPS.cc___2022___Workshop___INTERPOLATE___v1,2022,NeurIPS,A*
AAAI.org___2025___Workshop___AI4WCN___v2,2025,AAAI,A*
ICLR.cc___2024___Workshop___Re-Align___v2,2024,ICLR,A*
NeurIPS.cc___2024___Workshop___Compositional_Learning___v2,2024,NeurIPS,A*
ICLR.cc___2019___Workshop___DeepGenStruct___v1,2019,ICLR,A*
robot-learning.org___CoRL___2022___Conference___v1,2022,CoRL,Unranked
NeurIPS.cc___2023___Workshop___IMOL___v2,2023,NeurIPS,A*
ICML.cc___2023___Workshop___FL___v2,2023,ICML,A*
uef.fi___University_of_Eastern_Finland___DRDHum___2024___Conference___v2,2024,404,not-icore
iscaconf.org___ISCA___2024___Workshop___MLArchSys___v2,2024,ISCA,A*
NeurIPS.cc___2024___Workshop___SSL___v2,2024,NeurIPS,A*
NeurIPS.cc___2020___Workshop___CAP___v1,2020,NeurIPS,A*
robot-learning.org___CoRL___2024___Workshop___WCBM___v2,2024,CoRL,Unranked
ccneuro.org___CCN___2021___Workshop___GAC___v1,2021,404,not-icore
NeurIPS.cc___2023___Workshop___Deep_Inverse___v2,2023,NeurIPS,A*
icaps-conference.org___ICAPS___2023___Workshop___HAXP___v1,2023,ICAPS,A*
automl.cc___AutoML___2023___Conference___v1,2023,404,not-icore
ICLR.cc___2022___Workshop___GMS___v1,2022,ICLR,A*
ICML.cc___2023___Workshop___Differentiable_Almost_Everything___v2,2023,ICML,A*
NeurIPS.cc___2022___Workshop___CDS___v1,2022,NeurIPS,A*
JSYS___2022___Oct_Papers___v1,2022,404,not-icore
NeurIPS.cc___2023___Workshop___NeurReps___v2,2023,NeurIPS,A*
robot-learning.org___CoRL___2023___Conference___v1,2023,CoRL,Unranked
roboticsfoundation.org___RSS___2023___Workshop___Robotic_Assembly___v1,2023,RSS,TBR
ICLR.cc___2025___Workshop___SCOPE___v2,2025,ICLR,A*
NeurIPS.cc___2023___Workshop___InfoCog___v2,2023,NeurIPS,A*
NeurIPS.cc___2024___Workshop___LXAI___v2,2024,NeurIPS,A*
ICLR.cc___2020___Conference___v1,2020,ICLR,A*
aclweb.org___ACL___ARR___2024___December___v2,2024,ACL,A*
approximateinference.org___AABI___2021___Symposium___v1,2021,404,not-icore
automl.cc___AutoML___2023___ABCD_Track___v1,2023,404,not-icore
ACM.org___TheWebConf___2024___Conference___v2,2024,404,not-icore
ICLR.cc___2022___Workshop___ALOE___v1,2022,ICLR,A*
thecvf.com___ECCV___2024___Workshop___ROAM___v2,2024,ECCV,A*
NeurIPS.cc___2021___Workshop___ICBINB___v1,2021,NeurIPS,A*
humanrobotinteraction.org___HRI___2022___Workshop___VAM-HRI___v1,2022,HRI,A
robot-learning.org___CoRL___2024___Workshop___XE___v2,2024,CoRL,Unranked
NeurIPS.cc___2024___Workshop___MINT___v2,2024,NeurIPS,A*
NeurIPS.cc___2022___Workshop___TEA___v1,2022,NeurIPS,A*
tsinghua.edu.cn___THU___2024___Fall___AML___v2,2024,404,not-icore
swsa.semanticweb.org___ISWC___2024___Workshop___WOP___v2,2024,ISWC,Journal Published
agilealliance.org___XP___2020___Workshop___AMP___v1,2020,XP,B
ICML.cc___2019___Workshop___AMTL___v1,2019,ICML,A*
ICLR.cc___2022___Workshop___DLG4NLP___v1,2022,ICLR,A*
ICRA.org___2022___Workshop___IFRRIA___v1,2022,ICRA,A*
NeurIPS.cc___2024___Workshop___SoLaR___v2,2024,NeurIPS,A*
EMNLP___2024___Workshop___WiNLP___v2,2024,EMNLP,A*
JSYS___2025___March_Papers___v2,2025,404,not-icore
graphicsinterface.org___Graphics_Interface___2021___Conference___Second_Cycle___v1,2021,404,not-icore
thecvf.com___CVPR___2024___Workshop___HuMoGen___v2,2024,CVPR,A*
ICML.cc___2023___Workshop___SODS___v2,2023,ICML,A*
NeurIPS.cc___2024___Workshop___OWA___v2,2024,NeurIPS,A*
NeurIPS.cc___2024___Workshop___SafeGenAi___v2,2024,NeurIPS,A*
aclweb.org___NAACL___2025___Workshop___CALCS___v2,2025,NAACL,A
IEEE.org___2024___ICRA___Workshop___CookingRobot___v2,2024,ICRA,A*
NeurIPS.cc___2020___Workshop___HAMLETS___v1,2020,NeurIPS,A*
NeurIPS.cc___2023___Workshop___Gaze_Meets_ML___v2,2023,NeurIPS,A*
NeurIPS.cc___2024___Workshop___Continual_FoMo___v2,2024,NeurIPS,A*
NeurIPS.cc___2020___Workshop___TDA_and_Beyond___v1,2020,NeurIPS,A*
NeurIPS.cc___2022___Challenge___CellSeg___v1,2022,NeurIPS,A*
ICLR.cc___2022___Workshop___GPL___v1,2022,ICLR,A*
ICLR.cc___2025___Workshop___DL4C___v2,2025,ICLR,A*
IEEE.org___ICIST___2024___Conference___v2,2024,404,not-icore
NeurIPS.cc___2022___Workshop___nCSI___v1,2022,NeurIPS,A*
AAAI.org___2023___Bridge___CCBridge___v1,2023,AAAI,A*
robot-learning.org___CoRL___2021___Conference___Blue_Sky___v1,2021,CoRL,Unranked
NeurIPS.cc___2019___Workshop___Document_Intelligence___v1,2019,NeurIPS,A*
ICLR.cc___2025___Workshop___LLM_Reason_and_Plan___v2,2025,ICLR,A*
IEEE.org___2024___ICRA___Workshop___WIHR___v2,2024,ICRA,A*
TMLR___v2,,404,not-icore
ICLR.cc___2025___Workshop___SLLM___v2,2025,ICLR,A*
eswc-conferences.org___ESWC___2021___Conference___Resources_Track___v1,2021,ESWC,B
NeurIPS.cc___2020___Workshop___LMCA___v1,2020,NeurIPS,A*
aclweb.org___ACL___2022___Workshop___NLP_ConvAI___v1,2022,ACL,A*
NeurIPS.cc___2022___Workshop___DLDE___v1,2022,NeurIPS,A*
NeurIPS.cc___2021___Workshop___AIPLANS___v1,2021,NeurIPS,A*
ICLR.cc___2022___Workshop___OSC___v1,2022,ICLR,A*
continualai.org___CLAI___2023___Unconference_Preregistration_Track___v2,2023,404,not-icore
ICLR.cc___2023___Conference___v1,2023,ICLR,A*
MICCAI.org___2024___Workshop___UNSURE___v2,2024,MICCAI,A
NeurIPS.cc___2024___Workshop___FM4Science___v2,2024,NeurIPS,A*
approximateinference.org___AABI___2023___Symposium___v1,2023,404,not-icore
graphicsinterface.org___Graphics_Interface___2023___Conference_SD___v1,2023,404,not-icore
eswc-conferences.org___ESWC___2023___Workshop___KGCW___v1,2023,ESWC,B
NeurIPS.cc___2024___Workshop___IMOL___v2,2024,NeurIPS,A*
ICML.cc___2020___Workshop___LaReL___v1,2020,ICML,A*
IEEE.org___Ro-MAN___2024___Workshop___InterAI___v2,2024,404,not-icore
NeurIPS.cc___2020___Workshop___DL-IG___v1,2020,NeurIPS,A*
thecvf.com___CVPR___2024___Workshop___MedSAMonLaptop___v2,2024,CVPR,A*
aclweb.org___ACL___ARR___2023___December___v1,2023,ACL,A*
ACM.org___ICMI___2022___Workshop___GENEA___v1,2022,ICMI,B
NeurIPS.cc___2021___Workshop___MetaLearn___v1,2021,NeurIPS,A*
ICLR.cc___2024___Workshop___DPFM___v2,2024,ICLR,A*
NeurIPS.cc___2023___Workshop___DistShift___v2,2023,NeurIPS,A*
ICML.cc___2022___Workshop___AI4Science___v1,2022,ICML,A*
EMNLP___2020___Workshop___NLP-COVID___v1,2020,EMNLP,A*
ACM.org___SIGIR___2024___Workshop___Gen-IR___v2,2024,SIGIR,A*
EMNLP___2024___Workshop___BlackBoxNLP_ARR_Commitment___v2,2024,EMNLP,A*
NeurIPS.cc___2024___Workshop___FITML___v2,2024,NeurIPS,A*
NeurIPS.cc___2023___Workshop___DLDE___v2,2023,NeurIPS,A*
AIS-J.org___2021___Journal___v1,2021,404,not-icore
AAAI.org___2024___Workshop___AI4ED___v2,2024,AAAI,A*
AAAI.org___2025___Workshop___GoodData___v2,2025,AAAI,A*
icaps-conference.org___ICAPS___2022___Workshop___XAIP___v1,2022,ICAPS,A*
NeurIPS.cc___2022___Workshop___AI4Science___v1,2022,NeurIPS,A*
NeurIPS.cc___2023___Workshop___TRL___v2,2023,NeurIPS,A*
AAAI.org___2025___Workshop___MARW___v2,2025,AAAI,A*
auai.org___UAI___2023___Conference___v1,2023,UAI,A
ICML.cc___2018___Workshop___NAMPI___v1,2018,ICML,A*
NeurIPS.cc___2022___Workshop___RobustSeq___v1,2022,NeurIPS,A*
utoronto.ca___University_of_Toronto___2023___CSC2231___v1,2023,404,not-icore
NeurIPS.cc___2023___Workshop___CompSust___v2,2023,NeurIPS,A*
NeurIPS.cc___2022___Workshop___NeurReps___v1,2022,NeurIPS,A*
NeurIPS.cc___2021___Workshop___Deep_Inverse___v1,2021,NeurIPS,A*
robot-learning.org___CoRL___2023___Workshop___OOD___v2,2023,CoRL,Unranked
NeurIPS.cc___2022___Workshop___DeepRL___v1,2022,NeurIPS,A*
aclweb.org___ACL___2024___Workshop___Language_and_Molecules___v2,2024,ACL,A*
aclweb.org___ACL___ARR___2023___June___v1,2023,ACL,A*
Computo___v2,,404,not-icore
ICML.cc___2024___Workshop___MFM-EAI___v2,2024,ICML,A*
iscaconf.org___ISCA___2023___Workshop___ASSYST___v1,2023,ISCA,A*
NeurIPS.cc___2023___Workshop___GCRL___v2,2023,NeurIPS,A*
automl.cc___AutoML___2024___Workshop_Track___v2,2024,404,not-icore
JSYS___2022___Aug_Papers___v1,2022,404,not-icore
ICLR.cc___2024___Workshop___TS4H___v2,2024,ICLR,A*
KDD.org___2023___Workshop___epiDAMIK___v1,2023,KDD,A*
ICLR.cc___2021___Workshop___Learning_to_Learn___v1,2021,ICLR,A*
ICLR.cc___2020___Workshop___DeepDiffEq___v1,2020,ICLR,A*
AKBC.ws___2020___Conference___v1,2020,404,not-icore
aclweb.org___ACL___2022___Workshop___FL4NLP___v1,2022,ACL,A*
ICLR.cc___2022___Workshop___GTRL___v1,2022,ICLR,A*
NeurIPS.cc___2023___Workshop___ALOE___v2,2023,NeurIPS,A*
NeurIPS.cc___2023___Workshop___R0-FoMo___v2,2023,NeurIPS,A*
NeurIPS.cc___2024___Workshop___TRL___v2,2024,NeurIPS,A*
ELLIS.eu___2024___Workshop___RLGMSD___v2,2024,404,not-icore
rl-conference.cc___RLC___2024___Workshop___RLSW___v2,2024,404,not-icore
auai.org___UAI___2024___Workshop___Causal___v2,2024,UAI,A
ICLR.cc___2021___Workshop___EBM___v1,2021,ICLR,A*
FAST.org.ar___2022___Workshop___v1,2022,FAST,A
ijcai.org___IJCAI___2024___Workshop___AIGOV___v2,2024,IJCAI,A*
eswc-conferences.org___ESWC___2021___Workshop___KGCW___v1,2021,ESWC,B
NeurIPS.cc___2024___Workshop___OPT___v2,2024,NeurIPS,A*
KDD.org___2023___Workshop___Cup___v2,2023,KDD,A*
ICML.cc___2024___Workshop___GRaM___v2,2024,ICML,A*
OpenReview.net___Anonymous_Preprint___v1,,404,not-icore
ICLR.cc___2023___Workshop___ML4Materials___v1,2023,ICLR,A*
ICML.cc___2023___Workshop___SPIGM___v2,2023,ICML,A*
approximateinference.org___AABI___2019___Symposium___v1,2019,404,not-icore
ICML.cc___2024___Workshop___WANT___v2,2024,ICML,A*
ICML.cc___2022___Workshop___AI4ABM___v1,2022,ICML,A*
iscaconf.org___ISCA___2022___Workshop___MLArchSys___v1,2022,ISCA,A*
NeurIPS.cc___2024___Workshop___NeurReps___v2,2024,NeurIPS,A*
ICML.cc___2019___Workshop___RL4RealLife___v1,2019,ICML,A*
ICLR.cc___2022___Workshop___AfricaNLP___v1,2022,ICLR,A*
EMNLP___2023___Conference___v2,2023,EMNLP,A*
rl-conference.cc___RLC___2024___Workshop___Finding_the_Frame___v2,2024,404,not-icore
thecvf.com___CVPR___2024___Workshop___SynData4CV___v2,2024,CVPR,A*
NeurIPS.cc___2024___Workshop___InterpretableAI___v2,2024,NeurIPS,A*
ICLR.cc___2021___Workshop___GTRL___v1,2021,ICLR,A*
aclweb.org___ACL___2023___Workshop___DialDoc___v1,2023,ACL,A*
NeurIPS.cc___2023___Workshop___SyntheticData4ML___v2,2023,NeurIPS,A*
BOKU.ac.at___2024___AI4Mat___v2,2024,404,not-icore
aclweb.org___ACL___ARR___2024___June___v2,2024,ACL,A*
NeurIPS.cc___2021___Workshop___ImageNet_PPF___v1,2021,NeurIPS,A*
robot-learning.org___CoRL___2023___Workshop___CRL_WS___v2,2023,CoRL,Unranked
NeurIPS.cc___2022___Workshop___HITY___v1,2022,NeurIPS,A*
NeurIPS.cc___2022___Track___Datasets_and_Benchmarks___v1,2022,NeurIPS,A*
MIDL.io___2022___Conference___Short___v1,2022,404,not-icore
ACML.org___2024___Conference___v2,2024,ACML,Unranked
ICML.cc___2024___Workshop___SPIGM___v2,2024,ICML,A*
EVIC.cl___2023___Summer_School___v2,2023,404,not-icore
ICLR.cc___2024___Conference___v2,2024,ICLR,A*
NeurIPS.cc___2023___Workshop___MLNCP___v2,2023,NeurIPS,A*
auai.org___UAI___2022___Workshop___TPM___v1,2022,UAI,A
JSYS___2022___May_Papers___v1,2022,404,not-icore
ICLR.cc___2022___Workshop___EmeCom___v1,2022,ICLR,A*
NeurIPS.cc___2024___Workshop___D3S3___v2,2024,NeurIPS,A*
thecvf.com___CVPR___2023___Workshop___NFVLR___v2,2023,CVPR,A*
automl.cc___AutoML___2022___Workshop___Late_Breaking___v1,2022,404,not-icore
ICLR.cc___2025___Workshop___HAIC___v2,2025,ICLR,A*
icaps-conference.org___ICAPS___2020___Workshop___HSDIP___v1,2020,ICAPS,A*
ICLR.cc___2023___Workshop___MRL___v1,2023,ICLR,A*
auai.org___UAI___2023___Workshop___TPM___v2,2023,UAI,A
NeurIPS.cc___2022___Workshop___SyntheticData4ML___v1,2022,NeurIPS,A*
NeurIPS.cc___2023___Workshop___UniReps___v2,2023,NeurIPS,A*
AAAI.org___2025___Workshop___PDLM___v2,2025,AAAI,A*
NeurIPS.cc___2022___Workshop___CML4Impact___v1,2022,NeurIPS,A*
ICLR.cc___2024___TinyPapers___v2,2024,ICLR,A*
aclweb.org___ACL___ARR___2021___July___v1,2021,ACL,A*
GSK.ai___2023___CBC___v1,2023,404,not-icore
rl-conference.cc___RLC___2024___Workshop___ICBINB___v2,2024,404,not-icore
auai.org___UAI___2021___Workshop___TPM___v1,2021,UAI,A
ICML.cc___2024___Workshop___AccMLBio___v2,2024,ICML,A*
NeurIPS.cc___2021___Workshop___SVRHM___v1,2021,NeurIPS,A*
AAAI.org___2025___Workshop___CoLoRAI___v2,2025,AAAI,A*
ijcai.org___IJCAI___2024___Workshop___AIforCI___v2,2024,IJCAI,A*
ICLR.cc___2023___Workshop___ME-FoMo___v1,2023,ICLR,A*
ACM.org___SIGKDD___2022___Workshop___epiDAMIK___v1,2022,404,not-icore
NeurIPS.cc___2020___Workshop___Deep_Inverse___v1,2020,NeurIPS,A*
ICML.cc___2023___Workshop___ILHF___v2,2023,ICML,A*
robot-learning.org___CoRL___2024___Workshop___MRM-D___v2,2024,CoRL,Unranked
ICLR.cc___2024___Workshop___PML4LRS___v2,2024,ICLR,A*
ICML.cc___2023___Workshop___LLW___v2,2023,ICML,A*
robot-learning.org___CoRL___2023___Workshop___RoboLetics___v2,2023,CoRL,Unranked
ICLR.cc___2025___Workshop___MLMP___v2,2025,ICLR,A*
NeurIPS.cc___2021___Workshop___DeepRL___v1,2021,NeurIPS,A*
MICCAI.org___2021___Challenge___VALDO___v1,2021,MICCAI,A
aclweb.org___ACL___ARR___2021___August___v1,2021,ACL,A*
RIIAA.org___2019___Conference___v1,2019,404,not-icore
roboticsfoundation.org___RSS___2024___Workshop___DM___v2,2024,RSS,TBR
ICML.cc___2019___Workshop___Deep_Phenomena___v1,2019,ICML,A*
MIDL.io___2024___Conference___v2,2024,404,not-icore
MIDL.io___2020___Conference___v1,2020,404,not-icore
KDD.org___2024___Workshop___AIDSH___v2,2024,KDD,A*
NeurIPS.cc___2023___Workshop___MASEC___v2,2023,NeurIPS,A*
automl.cc___AutoML___2022___Track___Main___v1,2022,404,not-icore
AAAI.org___2025___Workshop___AIGOV___v2,2025,AAAI,A*
NeurIPS.cc___2024___Workshop___CRL___v2,2024,NeurIPS,A*
ICML.cc___2023___Workshop___LXAI_Regular_Deadline___v2,2023,ICML,A*
ICLR.cc___2023___Workshop___AfricaNLP___v1,2023,ICLR,A*
ALIFE.org___2022___Workshop___WiDWS___v1,2022,ALIFE,C
ICLR.cc___2023___Workshop___MLGH___v1,2023,ICLR,A*
ICML.cc___2024___Workshop___Differentiable_Almost_Everything___v2,2024,ICML,A*
NeurIPS.cc___2022___Workshop___TSRML___v1,2022,NeurIPS,A*
eswc-conferences.org___ESWC___2021___Conference___Research_Track___v1,2021,ESWC,B
NeurIPS.cc___2024___Competition_Track___v2,2024,NeurIPS,A*
NeurIPS.cc___2024___Workshop___AdvML-Frontiers___v2,2024,NeurIPS,A*
kg-construct.github.io___KGCW___2022___Workshop___v1,2022,404,not-icore
aclweb.org___ACL___2022___Workshop___BigScience___v1,2022,ACL,A*
NeurIPS.cc___2023___Workshop___OPT___v2,2023,NeurIPS,A*
IEEE.org___2022___Workshop___altVIS___v1,2022,404,not-icore
MIDL.amsterdam___2018___Conference___v1,2018,404,not-icore
ICLR.cc___2023___Workshop___TSRL4H___v1,2023,ICLR,A*
NeurIPS.cc___2023___Workshop___AI4Mat___v2,2023,NeurIPS,A*
machineintelligence.cc___MIC___2018___Conference___v1,2018,MIC,C
eswc-conferences.org___ESWC___2021___Workshop___SeDiT___v1,2021,ESWC,B
KDD.org___2024___Workshop___OAG-Challenge_Cup___v2,2024,KDD,A*
AKBC.ws___2019___Conference___v1,2019,404,not-icore
NeurIPS.cc___2022___Workshop___OPT___v1,2022,NeurIPS,A*
EMNLP___2023___Workshop___CALCS___v2,2023,EMNLP,A*
NeurIPS.cc___2023___Workshop___GenPlan___v2,2023,NeurIPS,A*
ICML.cc___2023___Workshop___ES-FoMO___v2,2023,ICML,A*
NeurIPS.cc___2022___Workshop___ICBINB___v1,2022,NeurIPS,A*
NeurIPS.cc___2023___Track___Datasets_and_Benchmarks___v2,2023,NeurIPS,A*
robot-learning.org___CoRL___2023___Workshop___TGR___v2,2023,CoRL,Unranked
kaist.ac.kr___KAIST___Spring2020___CS570___v1,2020,404,not-icore
MPM___2022___Workshop___v1,2022,404,not-icore
pwr.edu.pl___Wrocław_University_of_Science_and_Technology___2024___ZPI_Day___v2,2024,404,not-icore
MIDL.io___2023___Conference___v1,2023,404,not-icore
ICML.cc___2023___Workshop___LXAI___v2,2023,ICML,A*
ICLR.cc___2023___Workshop___BANDS___v1,2023,ICLR,A*
MIDL.io___2023___Short_Paper_Track___v1,2023,404,not-icore
icaps-conference.org___ICAPS___2021___Workshop___HSDIP___v1,2021,ICAPS,A*
AAAI.org___2022___Workshop___AIAFS___v1,2022,AAAI,A*
ICLR.cc___2023___Workshop___MLDD___v1,2023,ICLR,A*
NeurIPS.cc___2023___Workshop___Instruction___v2,2023,NeurIPS,A*
NeurIPS.cc___2024___Competition___LMC___v2,2024,NeurIPS,A*
XJTU.edu.cn___2024___CSUC___v2,2024,404,not-icore
NeurIPS.cc___2024___Workshop___Federated_Learning___v2,2024,NeurIPS,A*
logconference.io___LOG___2024___Conference___v2,2024,404,not-icore
ICLR.cc___2024___Workshop_Proposals___v2,2024,ICLR,A*
JSYS___2024___March_Papers___v2,2024,404,not-icore
JSYS___2021___Aug_Papers___v1,2021,404,not-icore
rl-conference.cc___RLC___2024___Workshop___TAFM___v2,2024,404,not-icore
MICCAI.org___2021___Challenge___KiTS___v1,2021,MICCAI,A
NeurIPS.cc___2022___Workshop___Federated_Learning___v1,2022,NeurIPS,A*
tsinghua.edu.cn___THU___2024___Winter___AML___v2,2024,404,not-icore
NLDL.org___2025___Conference___v2,2025,404,not-icore
eswc-conferences.org___ESWC___2025___Workshop___KGCW___v2,2025,ESWC,B
NeurIPS.cc___2023___Workshop___ICBINB___v2,2023,NeurIPS,A*
roboticsfoundation.org___RSS___2019___Workshop___Robust_Autonomy___v1,2019,RSS,TBR
humanrobotinteraction.org___HRI___2025___Workshop___VAM___v2,2025,HRI,A
TimeMachine.eu___RFC___v1,,404,not-icore
thecvf.com___CVPR___2024___Workshop___POETS___v2,2024,CVPR,A*
cclear.cc___CLeaR___2023___Conference___v1,2023,404,not-icore
ICLR.cc___2022___Conference___v1,2022,ICLR,A*
robot-learning.org___CoRL___2022___Workshop___Agility___v1,2022,CoRL,Unranked
L4DC.org___2023___Conference___v1,2023,404,not-icore
NeurIPS.cc___2022___Workshop___MLSW___v1,2022,NeurIPS,A*
NeurIPS.cc___2024___Workshop___GenAI4Health___v2,2024,NeurIPS,A*
aclweb.org___ACL___2022___Workshop___CSRR___v1,2022,ACL,A*
MICCAI.org___2024___Challenge___FLARE___v2,2024,MICCAI,A
NeurIPS.cc___2022___Workshop___MetaLearn___v1,2022,NeurIPS,A*
automl.cc___AutoML___2024___ABCD_Track___v2,2024,404,not-icore
KDD.org___2024___Workshop___epiDAMIK___v2,2024,KDD,A*
humanrobotinteraction.org___HRI___2024___Workshop___VAM-HRI___v2,2024,HRI,A
automl.cc___AutoML___2024___Conference___v2,2024,404,not-icore
mathai.club___MathAI___2025___Conference___v2,2025,404,not-icore
WBIR.info___2022___Workshop___Biomedical_Imaging_Registration___v1,2022,404,not-icore
NeurIPS.cc___2024___Workshop___MusIML___v2,2024,NeurIPS,A*
NeurIPS.cc___2023___Workshop___Federated_Learning___v2,2023,NeurIPS,A*
MICCAI.org___2024___Workshop___MSB___v2,2024,MICCAI,A
MICCAI.org___2022___Challenge___FLARE___v1,2022,MICCAI,A
thecvf.com___CVPR___2024___Workshop___POETS_2nd_Round___v2,2024,CVPR,A*
KDD.org___2024___Workshop___FedKDD___v2,2024,KDD,A*
NeurIPS.cc___2021___Workshop___DBAI___v1,2021,NeurIPS,A*
ICLR.cc___2022___Workshop___DGM4HSD___v1,2022,ICLR,A*
aclweb.org___ACL___ARR___2022___September___v1,2022,ACL,A*
ICLR.cc___2025___Workshop___MLGenX___v2,2025,ICLR,A*
real-robot-challenge.com___RCC___2020___Challenge___v1,2020,404,not-icore
icaps-conference.org___ICAPS___2024___Demo_Track___v2,2024,ICAPS,A*
aclweb.org___ACL___ARR___2022___June___v1,2022,ACL,A*
NeurIPS.cc___2021___Workshop___AI4Science___v1,2021,NeurIPS,A*
robot-learning.org___CoRL___2023___Workshop___LangRob___v2,2023,CoRL,Unranked
roboticsfoundation.org___RSS___2023___Workshop___Symmetry___v1,2023,RSS,TBR
NeurIPS.cc___2023___Workshop___GLFrontiers___v2,2023,NeurIPS,A*
ICLR.cc___2021___Conference___v1,2021,ICLR,A*
NeurIPS.cc___2023___Workshop___XAIA___v2,2023,NeurIPS,A*
eswc-conferences.org___ESWC___2024___Workshop___KGCW___v2,2024,ESWC,B
NeurIPS.cc___2024___Workshop___LanGame___v2,2024,NeurIPS,A*
KDD.org___2024___Workshop___KDD_Cup_CRAG___v2,2024,KDD,A*
NeurIPS.cc___2022___Workshop___InfoCog___v1,2022,NeurIPS,A*
icaps-conference.org___ICAPS___2024___Conference___v2,2024,ICAPS,A*
NeurIPS.cc___2024___Workshop___NeuroAI___v2,2024,NeurIPS,A*
IEEE.org___2018___ITSC___v1,2018,404,not-icore
ICML.cc___2024___Workshop___LLMs_and_Cognition___v2,2024,ICML,A*
AAAI.org___2023___Workshop___AIAFS___v1,2023,AAAI,A*
MPM___2024___Workshop___v2,2024,404,not-icore
OpenReview.net___Anonymous_Preprint___v2,,404,not-icore
uoft.ai___University_of_Toronto___2021___ProjectX___v1,2021,404,not-icore
helsinki.fi___ESPC___2023___Competition___v2,2023,404,not-icore
ICRA.org___2023___Workshop___Lab-to-Real_Gap___v1,2023,ICRA,A*
thecvf.com___ECCV___2024___Workshop___DarkSide_of_GenAIs_and_Beyond___v2,2024,ECCV,A*
ICML.cc___2023___Workshop___MFPL___v2,2023,ICML,A*
ICML.cc___2023___Conference___v2,2023,ICML,A*
aclweb.org___ACL___ARR___2024___April___v2,2024,ACL,A*
icaps-conference.org___ICAPS___2019___Workshop___HSDIP___v1,2019,ICAPS,A*
AAAI.org___2025___Workshop___DATASAFE___v2,2025,AAAI,A*
ICML.cc___2023___Workshop___TAGML___v2,2023,ICML,A*
ICLR.cc___2025___Workshop___Re-Align___v2,2025,ICLR,A*
NeurIPS.cc___2022___Workshop___WBRC___v1,2022,NeurIPS,A*
KDD.org___2024___Workshop___KiL___v2,2024,KDD,A*
NeurIPS.cc___2024___Workshop___AFM___v2,2024,NeurIPS,A*
NeurIPS.cc___2020___Workshop___ICBINB___v1,2020,NeurIPS,A*
IEEE.org___AIC___2025___Conference___v2,2025,404,not-icore
NeurIPS.cc___2023___Workshop___AI4Science___v2,2023,NeurIPS,A*
NeurIPS.cc___2024___Workshop___Compression___v2,2024,NeurIPS,A*
ICLR.cc___2023___Workshop___RTML___v1,2023,ICLR,A*
ICLR.cc___2021___Workshop___Rethinking_ML_Papers___v1,2021,ICLR,A*
cv-foundation.org___CVPR___2017___BNMW___v1,2017,CVPR,A*
icaps-conference.org___ICAPS___2019___Workshop___KEPS___v1,2019,ICAPS,A*
aclweb.org___NAACL___2022___Workshop___Wordplay___v1,2022,NAACL,A
AAAI.org___2022___Workshop___ADAM___v1,2022,AAAI,A*
ijcai.org___IJCAI___2023___Workshop___BridgeAICCHE___v1,2023,IJCAI,A*
NeurIPS.cc___2024___Workshop___UniReps___v2,2024,NeurIPS,A*
ICLR.cc___2021___Workshop___SSL-RL___v1,2021,ICLR,A*
Interspeech.org___2023___Workshop___SSW___v1,2023,Interspeech,A
auai.org___UAI___2024___Workshop___TPM___v2,2024,UAI,A
EMNLP___2024___Workshop___BlackBoxNLP___v2,2024,EMNLP,A*
eswc-conferences.org___ESWC___2021___Conference___Industry_Track___v1,2021,ESWC,B
ICLR.cc___2025___Workshop___QUESTION___v2,2025,ICLR,A*
IEEE.org___2023___IROS___Workshop___CRM___v2,2023,IROS,A
approximateinference.org___AABI___2023___Symposium_Fast_Track___v2,2023,404,not-icore
ICLR.cc___2018___Conference___v1,2018,ICLR,A*
IEEE.org___SaTML___2023___Conference___v1,2023,404,not-icore
ICML.cc___2023___Workshop___DeployableGenerativeAI___v2,2023,ICML,A*
graphicsinterface.org___Graphics_Interface___2024___Conference___v2,2024,404,not-icore
sigmobile.org___MobiCom___2020___Workshop___CPS-IoTBench___v1,2020,404,not-icore
ICML.cc___2022___Workshop___KRLM___v1,2022,ICML,A*
NeurIPS.cc___2024___Workshop___AIDrugX___v2,2024,NeurIPS,A*
thecvf.com___ICCV___2023___Workshop___VIPriors___v2,2023,ICCV,A*
eswc-conferences.org___ESWC___2021___Conference___In-Use_Track___v1,2021,ESWC,B
daoscience.org___DAO___2024___NYC___v2,2024,404,not-icore
NeurIPS.cc___2022___Workshop___Offline_RL___v1,2022,NeurIPS,A*
WBIR.info___2022___Workshop___Biomedical_Imaging_Registration_Short___v1,2022,404,not-icore
NeurIPS.cc___2019___Workshop___DC_S1___v1,2019,NeurIPS,A*
roboticsfoundation.org___RSS___2020___Workshop___RobRetro___v1,2020,RSS,TBR
IROS.org___2022___Workshop___PRDL___v1,2022,IROS,A
NeurIPS.cc___2023___Workshop___OTML___v2,2023,NeurIPS,A*
corl.org___2024___Workshop___MAPoDeL___v2,2024,404,not-icore
icaps-conference.org___ICAPS___2019___Workshop___Hierarchical_Planning___v1,2019,ICAPS,A*
JSYS___2023___May_Papers___v2,2023,404,not-icore
NeurIPS.cc___2024___Workshop___RBFM___v2,2024,NeurIPS,A*
auai.org___UAI___2022___Conference___v1,2022,UAI,A
aclweb.org___ACL___ARR___2022___October___v1,2022,ACL,A*
KDD.org___2024___Workshop___Amazon_KDD_Cup___v2,2024,KDD,A*
roboticsfoundation.org___RSS___2024___Workshop___EARL___v2,2024,RSS,TBR
ICML.cc___2024___Workshop___ML4LMS___v2,2024,ICML,A*
aclweb.org___ACL___ARR___2023___August___v1,2023,ACL,A*
aclweb.org___ACL___ARR___2024___August___v2,2024,ACL,A*
NeurIPS.cc___2024___Datasets_and_Benchmarks_Track___v2,2024,NeurIPS,A*
ICML.cc___2021___Workshop___INNF___v1,2021,ICML,A*
thecvf.com___CVPR___2024___Workshop___VLADR___v2,2024,CVPR,A*
aclweb.org___ACL___ARR___2021___Jun___v1,2021,ACL,A*
ICLR.cc___2024___Workshop___AfricaNLP___v2,2024,ICLR,A*
ICML.cc___2024___Conference___v2,2024,ICML,A*
ICLR.cc___2019___Workshop___drlStructPred___v1,2019,ICLR,A*
eswc-conferences.org___ESWC___2019___Workshop___KGB___v1,2019,ESWC,B
graphicsinterface.org___Graphics_Interface___2021___Conference___v1,2021,404,not-icore
ICML.cc___2024___Workshop___ICL___v2,2024,ICML,A*
umich.edu___University_of_Michigan___Fall_2024___CSE595_NLP___v2,2024,404,not-icore
icaps-conference.org___ICAPS___2022___Workshop___HSDIP___v1,2022,ICAPS,A*
wikimedia.it___Wikidata_and_Research___2025___Conference___v2,2025,404,not-icore
ICLR.cc___2023___Workshop___TML4H___v1,2023,ICLR,A*
ACM.org___ICAIF___2024___Workshop___P2P___v2,2024,P2P,C
ICLR.cc___2025___Workshop___FM-Wild___v2,2025,ICLR,A*
JSYS___2023___Aug_Papers___v2,2023,404,not-icore
AAAI.org___2024___Workshop___XAI4DRL___v2,2024,AAAI,A*
IEEE.org___2024___ICRA___Workshop___VLMNM___v2,2024,ICRA,A*
tinyml.org___tinyML___2021___Research_Symposium___v1,2021,404,not-icore
NeurIPS.cc___2024___Workshop___BDU___v2,2024,NeurIPS,A*
ACM.org___ICMI___2021___Workshop___GENEA___v1,2021,ICMI,B
NeurIPS.cc___2024___Workshop___M3L___v2,2024,NeurIPS,A*
NeurIPS.cc___2021___Workshop___XAI4Debugging___v1,2021,NeurIPS,A*
eswc-conferences.org___ESWC___2021___Workshop___DORIC-MM___v1,2021,ESWC,B
aclweb.org___ACL___2024___Workshop___SpLU-RoboNLP___v2,2024,ACL,A*
ijcai.org___IJCAI___2021___Workshop___NSNLI___v1,2021,IJCAI,A*
approximateinference.org___AABI___2022___Symposium___v1,2022,404,not-icore
umontreal.ca___Université_de_Montréal___Winter2021___MAT6215___v1,2021,404,not-icore
AKBC.ws___2021___Conference___v1,2021,404,not-icore
DMLR___v2,,404,not-icore
roboticsfoundation.org___RSS___2020___Workshop___Robust_Autonomy___v1,2020,RSS,TBR
aclweb.org___ACL___ARR___2023___October___v1,2023,ACL,A*
NeurIPS.cc___2024___Conference___v2,2024,NeurIPS,A*
ICRA.org___2023___Workshop___Embracing_Contacts___v1,2023,ICRA,A*
ICLR.cc___2024___Workshop___PML___v2,2024,ICLR,A*
acmmm.org___ACMMM___2022___Track___Reproducibility___v1,2022,ACMMM,A*
IEEE.org___2024___ICRA___Workshop___RoboNerF___v2,2024,ICRA,A*
conceptuccino.uni-osnabrueck.de___CARLA___2020___Workshop___v1,2020,404,not-icore
NeurIPS.cc___2023___Workshop___GenBio___v2,2023,NeurIPS,A*
SampTA___2023___Conference___v1,2023,404,not-icore
ICLR.cc___2024___Workshop___AI4DiffEqtnsInSci___v2,2024,ICLR,A*
harms-risks-ai-military.org___HRAIM___2024___Workshop___v2,2024,404,not-icore
AKBC.ws___2021___Workshop___CSKB___v1,2021,404,not-icore
aclweb.org___ACL___ARR___2023___February___v1,2023,ACL,A*
ICML.cc___2024___Workshop___LCFM___v2,2024,ICML,A*
thecvf.com___ECCV___2022___Workshop___VIPriors___v1,2022,ECCV,A*
ICML.cc___2024___Workshop___AI4MATH___v2,2024,ICML,A*
graphicsinterface.org___Graphics_Interface___2023___Conference___v1,2023,404,not-icore
NoDaLiDa___2023___Conference___v1,2023,404,not-icore
NeurIPS.cc___2023___Workshop___M3L___v2,2023,NeurIPS,A*
GeoMedIA___2022___Workshop___Extended_Abstracts___v1,2022,404,not-icore
NeurIPS.cc___2022___Workshop___SBM___v1,2022,NeurIPS,A*
ICML.cc___2024___Workshop___ES-FoMo-II___v2,2024,ICML,A*
NeurIPS.cc___2019___Workshop___DC_S2___v1,2019,NeurIPS,A*
ACM.org___SIGIR___CHIIR___2021___Workshop___Future_Conversations___v1,2021,SIGIR,A*
robot-learning.org___CoRL___2024___Workshop___CoRoboLearn___v2,2024,CoRL,Unranked
MICCAI.org___2024___Workshop___COMPAYL___v2,2024,MICCAI,A
ICLR.cc___2025___Workshop___WMARK___v2,2025,ICLR,A*
ICLR.cc___2024___Workshop___DMLR___v2,2024,ICLR,A*
ijcai.org___IJCAI___2024___Workshop___AI4Research___v2,2024,IJCAI,A*
automl.cc___AutoML___2023___Workshop_Track___v2,2023,404,not-icore
ICLR.cc___2025___Conference___v2,2025,ICLR,A*
MICCAI.org___2019___Workshop___COMPAY___v1,2019,MICCAI,A
vivoconference.org___VIVO___2021___Conference___v1,2021,404,not-icore
aclweb.org___ACL___ARR___2021___September___v1,2021,ACL,A*
ICML.cc___2024___Workshop___MFHAIA___v2,2024,ICML,A*
NeurIPS.cc___2022___Workshop___GLFrontiers___v1,2022,NeurIPS,A*
aclweb.org___ACL___2024___Workshop___ClimateNLP___v2,2024,ACL,A*
thecvf.com___ECCV___2020___Workshop___BIC___v1,2020,ECCV,A*
robot-learning.org___CoRL___2022___Workshop___LangRob___v1,2022,CoRL,Unranked
IEEE.org___SaTML___2024___Conference___v2,2024,404,not-icore
IEEE.org___2024___ICRA___Workshop___Off-road_Autonomy___v2,2024,ICRA,A*
ICRA.org___2022___Workshop___Contact-Rich___v1,2022,ICRA,A*
AAAI.org___2023___Workshop___creativeAI___v1,2023,AAAI,A*
approximateinference.org___AABI___2024___Symposium_Archival_Track___v2,2024,404,not-icore
NeurIPS.cc___2022___Conference___v1,2022,NeurIPS,A*
JSYS___2024___October_Papers___v2,2024,404,not-icore
AAAI.org___2024___Workshop___LLM-CP___v2,2024,AAAI,A*
AAAI.org___2025___Workshop___AI4Research___v2,2025,AAAI,A*
ICML.cc___2022___Workshop___Pre-Training___v1,2022,ICML,A*
NeurIPS.cc___2022___Workshop___SVRHM___v1,2022,NeurIPS,A*
ACM.org___Middleware___Workshop___DICG___v2,,Middleware,A
ML_Reproducibility_Challenge___2022___v1,2022,404,not-icore
aclweb.org___ACL___ARR___2024___February___v1,2024,ACL,A*
NeurIPS.cc___2024___Workshop___CALM___v2,2024,NeurIPS,A*
aclweb.org___ACL___ARR___2022___April___v1,2022,ACL,A*
XJTU.edu.cn___2025___CSUC___v2,2025,404,not-icore
icaps-conference.org___ICAPS___2025___Conference___v2,2025,ICAPS,A*
rl-conference.cc___RLC___2024___Workshop___InterpPol___v2,2024,404,not-icore
NeurIPS.cc___2021___Track___Datasets_and_Benchmarks___Round1___v1,2021,NeurIPS,A*
ICLR.cc___2024___Workshop___AGI___v2,2024,ICLR,A*
IEEE.org___2023___IROS___Workshop___DiffPropRob___v2,2023,IROS,A
AAAI.org___2025___Workshop___AICT___v2,2025,AAAI,A*
ICLR.cc___2023___Workshop___DG___v2,2023,ICLR,A*
ACML.org___2022___Workshop___CLL___v1,2022,ACML,Unranked
ICLR.cc___2025___Workshop___BuildingTrust___v2,2025,ICLR,A*
robot-learning.org___CoRL___2023___Workshop___LEAP___v2,2023,CoRL,Unranked
NeurIPS.cc___2024___Workshop___AI4Mat___v2,2024,NeurIPS,A*
ICML.cc___2024___Workshop___FM-Wild___v2,2024,ICML,A*
ICLR.cc___2023___Workshop___Trustworthy_ML___v1,2023,ICLR,A*
NeurIPS.cc___2023___Workshop___DGM4H___v2,2023,NeurIPS,A*
JSYS___2024___August_Papers___v2,2024,404,not-icore
NeurIPS.cc___2022___Workshop___TRL___v1,2022,NeurIPS,A*
ISMIR.net___2018___WoRMS___v1,2018,404,not-icore
NeurIPS.cc___2023___Workshop___HeavyTails___v2,2023,NeurIPS,A*
aclweb.org___ACL___ARR___2022___January___v1,2022,ACL,A*
ICLR.cc___2024___Workshop___ME-FoMo___v2,2024,ICLR,A*
rl-conference.cc___RLC___2024___Workshop___Deployable_RL___v2,2024,404,not-icore
aclweb.org___ACL___ARR___2022___February___v1,2022,ACL,A*
NeurIPS.cc___2022___Workshop___LMRL___v1,2022,NeurIPS,A*
ICML.cc___2024___Workshop___AI4Science___v2,2024,ICML,A*
KDD.org___2024___Workshop___Fragile_Earth___v2,2024,KDD,A*
ICML.cc___2024___Workshop___CVG___v2,2024,ICML,A*
ICLR.cc___2021___Workshop___Rethinking_ML_Papers___Exhibit_and_Workflow___v1,2021,ICLR,A*
ML_Reproducibility_Challenge___2020___v1,2020,404,not-icore
ICLR.cc___2022___Workshop___DL4C___v1,2022,ICLR,A*
NeurIPS.cc___2024___Workshop___ATTRIB___v2,2024,NeurIPS,A*
rl-conference.cc___RLC___2024___Workshop___CoCoMARL___v2,2024,404,not-icore
ccneuro.org___CCN___2020___Workshop___GAC___v1,2020,404,not-icore
NeurIPS.cc___2024___Workshop___Audio_Imagination___v2,2024,NeurIPS,A*
robot-learning.org___CoRL___2024___Workshop___LEAP___v2,2024,CoRL,Unranked
aclweb.org___ACL___2022___Workshop___CMCL_Shared_Task___v1,2022,ACL,A*
robot-learning.org___CoRL___2021___Conference___v1,2021,CoRL,Unranked
ICLR.cc___2025___Workshop___VerifAI___v2,2025,ICLR,A*
PRL___2023___IJCAI___v2,2023,IJCAI,A*
NeurIPS.cc___2024___Workshop___TSALM___v2,2024,NeurIPS,A*
NeurIPS.cc___2019___Workshop___Retrospectives___v1,2019,NeurIPS,A*
IEEE.org___EMBS___BHI___2024___Conference___v2,2024,404,not-icore
AAAI.org___2024___Workshop___SAI___v2,2024,AAAI,A*
AAAI.org___2025___Workshop___NeurMAD___v2,2025,AAAI,A*
icaps-conference.org___ICAPS___2023___Workshop___HSDIP___v1,2023,ICAPS,A*
eswc-conferences.org___ESWC___2021___Workshop___X-SENTIMENT___v1,2021,ESWC,B
ICML.cc___2023___Workshop___NCW___v2,2023,ICML,A*
ICML.cc___2023___Workshop___Frontiers4LCD___v2,2023,ICML,A*
NeurIPS.cc___2023___Workshop___CRL___v2,2023,NeurIPS,A*
thecvf.com___ECCV___2024___Workshop___Wild3D___v2,2024,ECCV,A*
ICML.cc___2020___Workshop___LifelongML___v1,2020,ICML,A*
ICLR.cc___2025___Workshop___SSI-FM___v2,2025,ICLR,A*
CPAL.cc___2024___Conference___v2,2024,404,not-icore
NeurIPS.cc___2023___Conference___v2,2023,NeurIPS,A*
icaps-conference.org___ICAPS___2024___Workshop___HAXP___v2,2024,ICAPS,A*
ICML.cc___2021___Workshop___AutoML___v1,2021,ICML,A*
ICML.cc___2020___Workshop___SAS___v1,2020,ICML,A*
ACM.org___SIGIR___Badging___v1,,SIGIR,A*
logconference.io___LOG___2022___Conference___v1,2022,404,not-icore
AAAI.org___2024___Workshop___NuCLeaR___v2,2024,AAAI,A*
i-cav.org___CAV___2023___Workshop___DAV___v1,2023,CAV,A*
JSYS___2023___March_Papers___v1,2023,404,not-icore
ICRA.org___2023___Workshop___DGA___v1,2023,ICRA,A*
NeurIPS.cc___2021___Conference___v1,2021,NeurIPS,A*
SEMANTiCS.cc___2021___Workshop___Sem4Tra___v1,2021,404,not-icore
kaist.ac.kr___KAIST___Spring2023___AI618___v1,2023,404,not-icore
automl.cc___AutoML___2023___Journal_Track___v2,2023,404,not-icore
EWRL___2024___Workshop___v2,2024,404,not-icore
ICOMP.cc___2024___Conference___v2,2024,404,not-icore
NeurIPS.cc___2024___Workshop___Red_Teaming_GenAI___v2,2024,NeurIPS,A*
ICLR.cc___2025___Workshop___WRL___v2,2025,ICLR,A*
AAAI.org___2024___Workshop___ASEA___v2,2024,AAAI,A*
ICML.cc___2024___Workshop___Agentic_Markets___v2,2024,ICML,A*
EMNLP___2023___Workshop___NLP-OSS___v2,2023,EMNLP,A*
NeurIPS.cc___2023___Workshop___MLSys___v2,2023,NeurIPS,A*
icaps-conference.org___ICAPS___2019___Workshop___SPARK___v1,2019,ICAPS,A*
auai.org___UAI___2022___Workshop___CRL___v1,2022,UAI,A
continualai.org___CLAI___2023___Unconference_Stage_2___v2,2023,404,not-icore
NeurIPS.cc___2023___Workshop___FMDM___v2,2023,NeurIPS,A*
purdue.edu___Purdue_University___ML___2023___Hackathon_Reproducibility_Challenge___v2,2023,404,not-icore
ICLR.cc___2021___Workshop___Neural_Compression___v1,2021,ICLR,A*
ICLR.cc___2019___Workshop___RML___v1,2019,ICLR,A*
ECMLPKDD.org___2020___Workshop___TeachML___v1,2020,404,not-icore
ICML.cc___2023___Workshop___SynS_and_ML___v2,2023,ICML,A*
NeurIPS.cc___2022___Workshop___FMDM___v1,2022,NeurIPS,A*
ICLR.cc___2024___Workshop___MLGenX___v2,2024,ICLR,A*
AAAI.org___2024___Spring_Symposium_Series___Clinical_FMs___v2,2024,AAAI,A*
ICML.cc___2023___Workshop___SCIS___v2,2023,ICML,A*
ICML.cc___2023___Workshop___ToM___v2,2023,ICML,A*
AAAI.org___2025___Workshop___PSS___v2,2025,AAAI,A*
JSYS___2021___Mar_Papers___v1,2021,404,not-icore
JSYS___2021___Nov_Papers___v1,2021,404,not-icore
NeurIPS.cc___2022___Workshop___TGL___v1,2022,NeurIPS,A*
roboticsfoundation.org___RSS___2022___Workshop___L-DOD___v1,2022,RSS,TBR
ICLR.cc___2025___Workshop___SCSL___v2,2025,ICLR,A*
robot-learning.org___CoRL___2024___Workshop___SAFE-ROL___v2,2024,CoRL,Unranked
AAAI.org___2023___Workshop___MLmDS___v1,2023,AAAI,A*
washington.edu___UW___Spring2021___LING-575F___v1,2021,404,not-icore
ICML.cc___2024___Workshop___MI___v2,2024,ICML,A*
ICLR.cc___2023___Workshop___SR4AD___v1,2023,ICLR,A*
AAAI.org___2025___Workshop___MALTA___v2,2025,AAAI,A*
aclweb.org___ACL___2020___Workshop___NLP-COVID___v1,2020,ACL,A*
NeurIPS.cc___2019___Workshop___Program_Transformations___v1,2019,NeurIPS,A*
IEEE.org___2024___ICRA___Workshop___3D_Manipulation___v2,2024,ICRA,A*
aclweb.org___ACL___2022___Workshop___LNLS___v1,2022,ACL,A*
ICML.cc___2023___Workshop___IMLH___v2,2023,ICML,A*
ACM.org___ICMI___2023___Workshop___GENEA___v1,2023,ICMI,B
aclweb.org___ACL___ARR___2022___December___v1,2022,ACL,A*
roboticsfoundation.org___RSS___2023___Workshop___LTAMP___v1,2023,RSS,TBR
ICLR.cc___2024___Workshop___R2-FM___v2,2024,ICLR,A*
JSYS___2021___May_Papers___v1,2021,404,not-icore
NeurIPS.cc___2024___Workshop___SciForDL___v2,2024,NeurIPS,A*
NeurIPS.cc___2021___Workshop___DLDE___v1,2021,NeurIPS,A*
NeurIPS.cc___2024___Workshop___Sys2-Reasoning___v2,2024,NeurIPS,A*
aclweb.org___ACL___2022___Workshop___CMCL___v1,2022,ACL,A*
robot-learning.org___CoRL___2022___Workshop___PRL___v1,2022,CoRL,Unranked
NeurIPS.cc___2023___Workshop___SoLaR___v2,2023,NeurIPS,A*
ICLR.cc___2023___Workshop___Physics4ML___v1,2023,ICLR,A*
MLSys___2023___Workshop___FLSys___v1,2023,404,not-icore
roboticsfoundation.org___RSS___2022___Workshop___L-DOD_Regular_Deadline___v1,2022,RSS,TBR
NeurIPS.cc___2022___Workshop___GMML___v1,2022,NeurIPS,A*
NeurIPS.cc___2021___Workshop___PERLS___v1,2021,NeurIPS,A*
CUNI.cz___2024___CJOLPhD___v2,2024,404,not-icore
ICML.cc___2024___Workshop___ARLET___v2,2024,ICML,A*
aclweb.org___ACL___ARR___2022___July___v1,2022,ACL,A*
CUHK.edu.hk___2021___Course___IERG5350___v1,2021,404,not-icore
MIDL.io___2021___Conference___v1,2021,404,not-icore
Kornai95.hu___2023___Symposium___v1,2023,404,not-icore
graphicsinterface.org___Graphics_Interface___2020___Conference___v1,2020,404,not-icore
ICLR.cc___2023___TinyPapers___v1,2023,ICLR,A*
AAAI.org___2022___Workshop___ML4OR-22___v1,2022,AAAI,A*
NeurIPS.cc___2022___Workshop___LaReL___v1,2022,NeurIPS,A*
NeurIPS.cc___2023___Workshop___ATTRIB___v2,2023,NeurIPS,A*
thecvf.com___ECCV___2020___Workshop___VIPriors___v1,2020,ECCV,A*
AAAI.org___2025___Workshop___LM4Plan___v2,2025,AAAI,A*
NeurIPS.cc___2022___Workshop___PAI4MH___v1,2022,NeurIPS,A*
thecvf.com___ECCV___2024___Workshop___W-CODA_Abstract_Paper_Track___v2,2024,ECCV,A*
aclweb.org___ACL___ARR___2021___December___v1,2021,ACL,A*
ICML.cc___2023___Workshop___AdvML-Frontiers___v2,2023,ICML,A*
ICLR.cc___2025___Workshop___ICBINB___v2,2025,ICLR,A*
MPM___2023___Workshop___v2,2023,404,not-icore
ICML.cc___2024___Workshop___TiFA___v2,2024,ICML,A*
thecvf.com___CVPR___2024___Workshop___SyntaGen___v2,2024,CVPR,A*
PRL___2023___ICAPS___v2,2023,ICAPS,A*
aclweb.org___ACL___ARR___2021___May___v1,2021,ACL,A*
AAAI.org___2024___Workshop___EcoSys___v2,2024,AAAI,A*
thecvf.com___ECCV___2022___Workshop___BIC___v1,2022,ECCV,A*
Brain-Score.org___2022___Workshop___BSW___v1,2022,404,not-icore
thecvf.com___ICCV___2021___Workshop___VIPriors___v1,2021,ICCV,A*
humanrobotinteraction.org___HRI___2021I___Workshop___VAM-HRI___v1,2021,HRI,A
MIDL.io___2021___Conference___Short___v1,2021,404,not-icore
GeoMedIA___2022___Workshop___v1,2022,404,not-icore
robot-learning.org___CoRL___2022___Workshop___Long_Horizon_Planning___v1,2022,CoRL,Unranked
ICML.cc___2024___Workshop___RLControlTheory___v2,2024,ICML,A*
ACM.org___MICRO___2023___Workshop___SAGE___v2,2023,MICRO,TBR
algorithmiclearningtheory.org___ALT___2025___Conference___v2,2025,ALT,B
NeurIPS.cc___2022___Workshop___DistShift___v1,2022,NeurIPS,A*
ICLR.cc___2025___Workshop___MCDC___v2,2025,ICLR,A*
